{
    "name": "root",
    "gauges": {
        "DogHerding.Policy.Entropy.mean": {
            "value": 2.1967108249664307,
            "min": 2.1967108249664307,
            "max": 2.1967108249664307,
            "count": 1
        },
        "DogHerding.Policy.Entropy.sum": {
            "value": 21967.109375,
            "min": 21967.109375,
            "max": 21967.109375,
            "count": 1
        },
        "DogHerding.Step.mean": {
            "value": 9984.0,
            "min": 9984.0,
            "max": 9984.0,
            "count": 1
        },
        "DogHerding.Step.sum": {
            "value": 9984.0,
            "min": 9984.0,
            "max": 9984.0,
            "count": 1
        },
        "DogHerding.Policy.ExtrinsicValueEstimate.mean": {
            "value": 0.2411239743232727,
            "min": 0.2411239743232727,
            "max": 0.2411239743232727,
            "count": 1
        },
        "DogHerding.Policy.ExtrinsicValueEstimate.sum": {
            "value": 38.33871078491211,
            "min": 38.33871078491211,
            "max": 38.33871078491211,
            "count": 1
        },
        "DogHerding.Environment.EpisodeLength.mean": {
            "value": 1999.0,
            "min": 1999.0,
            "max": 1999.0,
            "count": 1
        },
        "DogHerding.Environment.EpisodeLength.sum": {
            "value": 9995.0,
            "min": 9995.0,
            "max": 9995.0,
            "count": 1
        },
        "DogHerding.Environment.CumulativeReward.mean": {
            "value": -11.537501079961658,
            "min": -11.537501079961658,
            "max": -11.537501079961658,
            "count": 1
        },
        "DogHerding.Environment.CumulativeReward.sum": {
            "value": -46.15000431984663,
            "min": -46.15000431984663,
            "max": -46.15000431984663,
            "count": 1
        },
        "DogHerding.Policy.ExtrinsicReward.mean": {
            "value": -11.537501079961658,
            "min": -11.537501079961658,
            "max": -11.537501079961658,
            "count": 1
        },
        "DogHerding.Policy.ExtrinsicReward.sum": {
            "value": -46.15000431984663,
            "min": -46.15000431984663,
            "max": -46.15000431984663,
            "count": 1
        },
        "DogHerding.IsTraining.mean": {
            "value": 1.0,
            "min": 1.0,
            "max": 1.0,
            "count": 1
        },
        "DogHerding.IsTraining.sum": {
            "value": 1.0,
            "min": 1.0,
            "max": 1.0,
            "count": 1
        }
    },
    "metadata": {
        "timer_format_version": "0.1.0",
        "start_time_seconds": "1775304649",
        "python_version": "3.10.12 | packaged by Anaconda, Inc. | (main, Jul  5 2023, 19:01:18) [MSC v.1916 64 bit (AMD64)]",
        "command_line_arguments": "C:\\Users\\alex0\\miniconda3\\envs\\dog_ai\\Scripts\\mlagents-learn config.yaml --run-id=Dog_Final_Pro_v4",
        "mlagents_version": "1.1.0",
        "mlagents_envs_version": "1.1.0",
        "communication_protocol_version": "1.5.0",
        "pytorch_version": "2.11.0+cpu",
        "numpy_version": "1.23.5",
        "end_time_seconds": "1775304856"
    },
    "total": 206.19544659999883,
    "count": 1,
    "self": 0.004574499998852843,
    "children": {
        "run_training.setup": {
            "total": 0.0770870999995168,
            "count": 1,
            "self": 0.0770870999995168
        },
        "TrainerController.start_learning": {
            "total": 206.11378500000046,
            "count": 1,
            "self": 0.19488340002044424,
            "children": {
                "TrainerController._reset_env": {
                    "total": 54.137874799999736,
                    "count": 1,
                    "self": 54.137874799999736
                },
                "TrainerController.advance": {
                    "total": 148.32150699997965,
                    "count": 10997,
                    "self": 0.1691387999781,
                    "children": {
                        "env_step": {
                            "total": 146.01237309996668,
                            "count": 10997,
                            "self": 133.40093379993687,
                            "children": {
                                "SubprocessEnvManager._take_step": {
                                    "total": 12.494568399983109,
                                    "count": 10997,
                                    "self": 0.4729494999592134,
                                    "children": {
                                        "TorchPolicy.evaluate": {
                                            "total": 12.021618900023896,
                                            "count": 10997,
                                            "self": 12.021618900023896
                                        }
                                    }
                                },
                                "workers": {
                                    "total": 0.11687090004670608,
                                    "count": 10996,
                                    "self": 0.0,
                                    "children": {
                                        "worker_root": {
                                            "total": 86.78128539996669,
                                            "count": 10996,
                                            "is_parallel": true,
                                            "self": 25.010150199972486,
                                            "children": {
                                                "steps_from_proto": {
                                                    "total": 0.00024360000043088803,
                                                    "count": 1,
                                                    "is_parallel": true,
                                                    "self": 0.00012169999990874203,
                                                    "children": {
                                                        "_process_rank_one_or_two_observation": {
                                                            "total": 0.000121900000522146,
                                                            "count": 2,
                                                            "is_parallel": true,
                                                            "self": 0.000121900000522146
                                                        }
                                                    }
                                                },
                                                "UnityEnvironment.step": {
                                                    "total": 61.770891599993774,
                                                    "count": 10996,
                                                    "is_parallel": true,
                                                    "self": 0.7018813999584381,
                                                    "children": {
                                                        "UnityEnvironment._generate_step_input": {
                                                            "total": 0.5648850999459682,
                                                            "count": 10996,
                                                            "is_parallel": true,
                                                            "self": 0.5648850999459682
                                                        },
                                                        "communicator.exchange": {
                                                            "total": 58.24465919996237,
                                                            "count": 10996,
                                                            "is_parallel": true,