{
    "name": "root",
    "metadata": {
        "timer_format_version": "0.1.0",
        "start_time_seconds": "1775248179",
        "python_version": "3.10.12 | packaged by Anaconda, Inc. | (main, Jul  5 2023, 19:01:18) [MSC v.1916 64 bit (AMD64)]",
        "command_line_arguments": "C:\\Users\\alex0\\miniconda3\\envs\\dog_ai\\Scripts\\mlagents-learn --run-id=Dog_NoSpin_v1",
        "mlagents_version": "1.1.0",
        "mlagents_envs_version": "1.1.0",
        "communication_protocol_version": "1.5.0",
        "pytorch_version": "2.11.0+cpu",
        "numpy_version": "1.23.5",
        "end_time_seconds": "1775248526"
    },
    "total": 346.71935429999576,
    "count": 1,
    "self": 0.0076829999961773865,
    "children": {
        "run_training.setup": {
            "total": 0.02343549999932293,
            "count": 1,
            "self": 0.02343549999932293
        },
        "TrainerController.start_learning": {
            "total": 346.68823580000026,
            "count": 1,
            "self": 0.6766810002663988,
            "children": {
                "TrainerController._reset_env": {
                    "total": 13.162277900002664,
                    "count": 1,
                    "self": 13.162277900002664
                },
                "TrainerController.advance": {
                    "total": 332.8288497997273,
                    "count": 36677,
                    "self": 0.653404298966052,
                    "children": {
                        "env_step": {
                            "total": 322.182213900036,
                            "count": 36677,
                            "self": 269.19502909957373,
                            "children": {
                                "SubprocessEnvManager._take_step": {
                                    "total": 52.56017870015785,
                                    "count": 36677,
                                    "self": 1.7519878996608895,
                                    "children": {
                                        "TorchPolicy.evaluate": {
                                            "total": 50.80819080049696,
                                            "count": 36677,
                                            "self": 50.80819080049696
                                        }
                                    }
                                },
                                "workers": {
                                    "total": 0.42700610030442476,
                                    "count": 36676,
                                    "self": 0.0,
                                    "children": {
                                        "worker_root": {
                                            "total": 271.9001670009384,
                                            "count": 36676,
                                            "is_parallel": true,
                                            "self": 98.13815640051325,
                                            "children": {
                                                "steps_from_proto": {
                                                    "total": 0.00038700000004610047,
                                                    "count": 1,
                                                    "is_parallel": true,
                                                    "self": 0.00021070000366307795,
                                                    "children": {
                                                        "_process_rank_one_or_two_observation": {
                                                            "total": 0.00017629999638302252,
                                                            "count": 2,
                                                            "is_parallel": true,
                                                            "self": 0.00017629999638302252
                                                        }
                                                    }
                                                },
                                                "UnityEnvironment.step": {
                                                    "total": 173.76162360042508,
                                                    "count": 36676,
                                                    "is_parallel": true,
                                                    "self": 2.655293498595711,
                                                    "children": {
                                                        "UnityEnvironment._generate_step_input": {
                                                            "total": 2.232617700828996,
                                                            "count": 36676,
                                                            "is_parallel": true,
                                                            "self": 2.232617700828996
                                                        },
                                                        "communicator.exchange": {
                                                            "total": 160.5848173004997,
                                                            "count": 36676,
                                                            "is_parallel": true,
                                                            "self": 160.5848173004997
                                                        },
                                                        "steps_from_proto": {
                                                            "total": 8.288895100500667,
                                                            "count": 36676,
                                                            "is_parallel": true,
                                                            "self": 5.326170100415766,
                                                            "children": {
                                                                "_process_rank_one_or_two_observation": {
                                                                    "total": 2.9627250000849017,
                                                                    "count": 73352,
                                                                    "is_parallel": true,
                                                                    "self": 2.9627250000849017
                                                                }
                                                            }
                                                        }
                                                    }
                                                }
                                            }
                                        }
                                    }
                                }
                            }
                        },
                        "trainer_advance": {
                            "total": 9.993231600725267,
                            "count": 36676,
                            "self": 0.7266410015436122,
                            "children": {
                                "process_trajectory": {
                                    "total": 2.255320599178958,
                                    "count": 36676,
                                    "self": 2.255320599178958
                                },
                                "_update_policy": {
                                    "total": 7.011270000002696,
                                    "count": 3,
                                    "self": 4.653994400003285,
                                    "children": {
                                        "TorchPPOOptimizer.update": {
                                            "total": 2.3572755999994115,
                                            "count": 90,