{
    "name": "root",
    "metadata": {
        "timer_format_version": "0.1.0",
        "start_time_seconds": "1775250015",
        "python_version": "3.10.12 | packaged by Anaconda, Inc. | (main, Jul  5 2023, 19:01:18) [MSC v.1916 64 bit (AMD64)]",
        "command_line_arguments": "C:\\Users\\alex0\\miniconda3\\envs\\dog_ai\\Scripts\\mlagents-learn --run-id=Dog_Final_v1 --time-scale=10 --no-graphics",
        "mlagents_version": "1.1.0",
        "mlagents_envs_version": "1.1.0",
        "communication_protocol_version": "1.5.0",
        "pytorch_version": "2.11.0+cpu",
        "numpy_version": "1.23.5",
        "end_time_seconds": "1775250177"
    },
    "total": 161.84456910000154,
    "count": 1,
    "self": 0.008317200008605141,
    "children": {
        "run_training.setup": {
            "total": 0.022896499998751096,
            "count": 1,
            "self": 0.022896499998751096
        },
        "TrainerController.start_learning": {
            "total": 161.81335539999418,
            "count": 1,
            "self": 0.11145309985295171,
            "children": {
                "TrainerController._reset_env": {
                    "total": 10.821492299997772,
                    "count": 1,
                    "self": 10.821492299997772
                },
                "TrainerController.advance": {
                    "total": 150.86151580014848,
                    "count": 4792,
                    "self": 0.10108940052305115,
                    "children": {
                        "env_step": {
                            "total": 147.45679949993792,
                            "count": 4792,
                            "self": 139.41219460021966,
                            "children": {
                                "SubprocessEnvManager._take_step": {
                                    "total": 7.979847799673735,
                                    "count": 4792,
                                    "self": 0.256538499306771,
                                    "children": {
                                        "TorchPolicy.evaluate": {
                                            "total": 7.723309300366964,
                                            "count": 4792,
                                            "self": 7.723309300366964
                                        }
                                    }
                                },
                                "workers": {
                                    "total": 0.06475710004451685,
                                    "count": 4791,
                                    "self": 0.0,
                                    "children": {
                                        "worker_root": {
                                            "total": 79.40424470011203,
                                            "count": 4791,
                                            "is_parallel": true,
                                            "self": 18.82681529988622,
                                            "children": {
                                                "steps_from_proto": {
                                                    "total": 0.00046770000335527584,
                                                    "count": 1,
                                                    "is_parallel": true,
                                                    "self": 0.0002539000051910989,
                                                    "children": {
                                                        "_process_rank_one_or_two_observation": {
                                                            "total": 0.00021379999816417694,
                                                            "count": 2,
                                                            "is_parallel": true,
                                                            "self": 0.00021379999816417694
                                                        }
                                                    }
                                                },
                                                "UnityEnvironment.step": {
                                                    "total": 60.576961700222455,
                                                    "count": 4791,
                                                    "is_parallel": true,
                                                    "self": 0.4231719004746992,
                                                    "children": {
                                                        "UnityEnvironment._generate_step_input": {
                                                            "total": 0.5312682996154763,
                                                            "count": 4791,
                                                            "is_parallel": true,
                                                            "self": 0.5312682996154763
                                                        },
                                                        "communicator.exchange": {
                                                            "total": 58.267790400001104,
                                                            "count": 4791,
                                                            "is_parallel": true,
                                                            "self": 58.267790400001104
                                                        },
                                                        "steps_from_proto": {
                                                            "total": 1.3547311001311755,
                                                            "count": 4791,
                                                            "is_parallel": true,
                                                            "self": 0.8040692006106838,
                                                            "children": {
                                                                "_process_rank_one_or_two_observation": {
                                                                    "total": 0.5506618995204917,
                                                                    "count": 9582,
                                                                    "is_parallel": true,
                                                                    "self": 0.5506618995204917
                                                                }
                                                            }
                                                        }
                                                    }
                                                }
                                            }
                                        }
                                    }
                                }
                            }
                        },
                        "trainer_advance": {
                            "total": 3.303626899687515,
                            "count": 4791,
                            "self": 0.12775109945505392,
                            "children": {
                                "process_trajectory": {
                                    "total": 1.0722504002333153,
                                    "count": 4791,
                                    "self": 1.0722504002333153
                                },
                                "_update_policy": {
                                    "total": 2.103625399999146,
                                    "count": 1,
                                    "self": 1.4256744000158506,
                                    "children": {
                                        "TorchPPOOptimizer.update": {
                                            "total": 0.6779509999832953,
                                            "count": 30,