{
    "name": "root",
    "gauges": {
        "DogHerding.Policy.Entropy.mean": {
            "value": 0.850341796875,
            "min": 0.6412026882171631,
            "max": 1.2506886720657349,
            "count": 80
        },
        "DogHerding.Policy.Entropy.sum": {
            "value": 8544.234375,
            "min": 6381.2490234375,
            "max": 12566.919921875,
            "count": 80
        },
        "DogHerding.Step.mean": {
            "value": 1299936.0,
            "min": 509952.0,
            "max": 1299936.0,
            "count": 80
        },
        "DogHerding.Step.sum": {
            "value": 1299936.0,
            "min": 509952.0,
            "max": 1299936.0,
            "count": 80
        },
        "DogHerding.Policy.ExtrinsicValueEstimate.mean": {
            "value": -0.5090618133544922,
            "min": -0.5501092672348022,
            "max": 0.3346003293991089,
            "count": 80
        },
        "DogHerding.Policy.ExtrinsicValueEstimate.sum": {
            "value": -80.94082641601562,
            "min": -88.56759643554688,
            "max": 53.201454162597656,
            "count": 80
        },
        "DogHerding.Environment.EpisodeLength.mean": {
            "value": 999.0,
            "min": 999.0,
            "max": 999.0,
            "count": 80
        },
        "DogHerding.Environment.EpisodeLength.sum": {
            "value": 7992.0,
            "min": 7992.0,
            "max": 11988.0,
            "count": 80
        },
        "DogHerding.Environment.CumulativeReward.mean": {
            "value": -5.197125371545553,
            "min": -7.153625724837184,
            "max": -5.067125400528312,
            "count": 80
        },
        "DogHerding.Environment.CumulativeReward.sum": {
            "value": -41.577002972364426,
            "min": -83.86000832915306,
            "max": -40.537003204226494,
            "count": 80
        },
        "DogHerding.Policy.ExtrinsicReward.mean": {
            "value": -5.197125371545553,
            "min": -7.153625724837184,
            "max": -5.067125400528312,
            "count": 80
        },
        "DogHerding.Policy.ExtrinsicReward.sum": {
            "value": -41.577002972364426,
            "min": -83.86000832915306,
            "max": -40.537003204226494,
            "count": 80
        },
        "DogHerding.IsTraining.mean": {
            "value": 1.0,
            "min": 1.0,
            "max": 1.0,
            "count": 80
        },
        "DogHerding.IsTraining.sum": {
            "value": 1.0,
            "min": 1.0,
            "max": 1.0,
            "count": 80
        },
        "DogHerding.Losses.PolicyLoss.mean": {
            "value": 0.025987386905277767,
            "min": 0.015893662255257367,
            "max": 0.031332887678096694,
            "count": 76
        },
        "DogHerding.Losses.PolicyLoss.sum": {
            "value": 0.025987386905277767,
            "min": 0.015893662255257367,
            "max": 0.031332887678096694,
            "count": 76
        },
        "DogHerding.Losses.ValueLoss.mean": {
            "value": 0.0034680798494567473,
            "min": 0.002192040994608154,
            "max": 0.8309063565606872,
            "count": 76
        },
        "DogHerding.Losses.ValueLoss.sum": {
            "value": 0.0034680798494567473,
            "min": 0.002192040994608154,
            "max": 0.8309063565606872,
            "count": 76
        },
        "DogHerding.Policy.LearningRate.mean": {
            "value": 4.1894486035199984e-05,
            "min": 4.1894486035199984e-05,
            "max": 0.00019789443403519995,
            "count": 76
        },
        "DogHerding.Policy.LearningRate.sum": {
            "value": 4.1894486035199984e-05,
            "min": 4.1894486035199984e-05,
            "max": 0.00019789443403519995,
            "count": 76
        },
        "DogHerding.Policy.Epsilon.mean": {
            "value": 0.11396480000000005,
            "min": 0.11396480000000005,
            "max": 0.16596480000000008,
            "count": 76
        },
        "DogHerding.Policy.Epsilon.sum": {
            "value": 0.11396480000000005,
            "min": 0.11396480000000005,
            "max": 0.16596480000000008,
            "count": 76
        },
        "DogHerding.Policy.Beta.mean": {
            "value": 0.0007068435200000001,
            "min": 0.0007068435200000001,
            "max": 0.003301643519999999,
            "count": 76
        },
        "DogHerding.Policy.Beta.sum": {
            "value": 0.0007068435200000001,
            "min": 0.0007068435200000001,
            "max": 0.003301643519999999,
            "count": 76
        }
    },
    "metadata": {
        "timer_format_version": "0.1.0",
        "start_time_seconds": "1775292994",
        "python_version": "3.10.12 | packaged by Anaconda, Inc. | (main, Jul  5 2023, 19:01:18) [MSC v.1916 64 bit (AMD64)]",
        "command_line_arguments": "C:\\Users\\alex0\\miniconda3\\envs\\dog_ai\\Scripts\\mlagents-learn results\\Dog_Final_v1\\configuration.yaml --run-id=Dog_Final_v1 --resume",
        "mlagents_version": "1.1.0",
        "mlagents_envs_version": "1.1.0",
        "communication_protocol_version": "1.5.0",
        "pytorch_version": "2.11.0+cpu",
        "numpy_version": "1.23.5",
        "end_time_seconds": "1775294658"
    },
    "total": 1663.3589823999996,
    "count": 1,
    "self": 0.004079699999238073,
    "children": {
        "run_training.setup": {
            "total": 0.08543040000040492,
            "count": 1,
            "self": 0.08543040000040492
        },
        "TrainerController.start_learning": {
            "total": 1663.2694723,
            "count": 1,
            "self": 3.110049099938351,
            "children": {
                "TrainerController._reset_env": {
                    "total": 9.24237680000033,
                    "count": 1,
                    "self": 9.24237680000033
                },
                "TrainerController.advance": {
                    "total": 1649.9507037000608,
                    "count": 200141,
                    "self": 2.9526556998930573,
                    "children": {
                        "env_step": {
                            "total": 1509.59423720012,
                            "count": 200141,
                            "self": 1296.3781552997275,
                            "children": {
                                "SubprocessEnvManager._take_step": {
                                    "total": 211.10194220030553,
                                    "count": 200141,
                                    "self": 7.740490000495811,
                                    "children": {
                                        "TorchPolicy.evaluate": {
                                            "total": 203.36145219980972,
                                            "count": 200141,
                                            "self": 203.36145219980972
                                        }
                                    }
                                },
                                "workers": {
                                    "total": 2.11413970008698,
                                    "count": 200140,
                                    "self": 0.0,
                                    "children": {
                                        "worker_root": {
                                            "total": 1587.001137600113,
                                            "count": 200140,
                                            "is_parallel": true,
                                            "self": 523.9946595001848,
                                            "children": {
                                                "steps_from_proto": {
                                                    "total": 0.0002829999998539279,
                                                    "count": 1,